id,name,model_id:id,group_id:id,perm_read,perm_write,perm_create,perm_unlink
access_cpt,competance,iso_9001.model_competance,iso_9001.group_cpt,1,1,1,1
access_fonction,fonctions,iso_9001.model_fonctions,iso_9001.group_fonction,1,1,1,1

access_evaluation,evaluation.fournisseur,iso_9001.model_evaluation_fournisseur,group_eval,1,1,1,1
access_audits,tout.audit,iso_9001.model_tout_audit,group_audits,1,1,1,1

access_resp_objectif_qualite_annuel,objectif.qualite.annuel,iso_9001.model_objectif_qualite_annuel,group_obj,1,1,1,1
access_resp_objectif_qualite,objectif.qualite,iso_9001.model_objectif_qualite,group_obj,1,1,1,1
access_resp_objectif_qualite_mensuel,objectif.qualite.mensuel,iso_9001.model_objectif_qualite_mensuel,group_obj,1,1,1,1

access_crm_claim_user,crm.claim.user,crm_claim.model_crm_claim,base.group_sale_salesman,1,1,1,1

access_auditeur_auditeurs,auditeurs,iso_9001.model_auditeurs,group_auditeurs,1,1,1,1
access_admin_service,service,iso_9001.model_service,group_service,1,0,0,0



