<openerp>
<data>

    <record model="ir.module.category" id="module_category_iso_9001">
        <field name="name">fonctionnalités iso_9001</field>
    </record>
   
   

   
<record id="base.group_sale_salesman" model="res.groups">
        <field name="name">Gestion des reclamations</field>
        <field name="category_id" ref="module_category_iso_9001"/>
        
        
    </record>

    <record id="group_audits" model="res.groups">
        <field name="name">Gestion des audits</field>
        <field name="category_id" ref="module_category_iso_9001"/>
    </record>


    <record id="group_obj" model="res.groups">
        <field name="name">Gestion des objectifs qualité</field>
        <field name="category_id" ref="module_category_iso_9001"/>
    </record>


    <record id="group_cpt" model="res.groups">
        <field name="name">Gestion des compétences</field>
        <field name="category_id" ref="module_category_iso_9001"/>
    </record>
   
    <record id="group_eval" model="res.groups">
        <field name="name">Evaluations fournisseurs</field>
        <field name="category_id" ref="module_category_iso_9001"/>
    </record>
<!--________________________Ressource humaine________________________________


    ir.model.access.csv 


   -->


    
  
    <record id="group_auditeur" model="res.groups">
        <field name="name">auditeurs</field>
        <field name="category_id" ref="module_category_iso_9001"/>
       
    </record>
   
    

   
<record id="base.group_hr_user" model="res.groups">
        <field name="name">Configuration</field>
        <field name="category_id" ref="module_category_iso_9001"/>
        
        
    </record>
   

    
    
   


</data>
<data>
<!-- le rule suivant est pour les auditeurs externes lors de lauthentification en tant que auditeur il aurra acces a ses audits uniquement
<record model="ir.rule" id="voir_son_propre_audit_externe">
        <field name="name">voir ses audits externes uniquement</field>
        <field name="model_id" ref="model_tout_audit"/>
        <field name="domain_force">[('auditeur_externe_id.email','=',user.login)]</field>
        <field name="groups" eval="[(4, ref('group_auditeurs'))]"/>

    

    </record>

-->
<!--______________________________________________________________________________________________________________________-->


 <!-- le rule suivant est pour les auditeurs interne lors de lauthentification en tant que auditeur il aurra acces a ses audits uniquement
<record model="ir.rule" id="voir_son_propre_audit_interne">
        <field name="name">voir ses audit interne uniquement</field>
        <field name="model_id" ref="model_tout_audit"/>
        <field name="domain_force">[('auditeur_interne_id.work_email','=',user.login)]</field>
        <field name="groups" eval="[(4, ref('group_auditeurs'))]"/>

    
    </record>




    <record id="group_auditeurs" model="res.groups">
        <field name="name">Auditeurs</field>
       
        <field name="implied_ids" eval="[(4, ref('group_audits')),
                                         (4, ref('base.group_sale_salesman'))]"></field>

        
        
    </record>


 
<record id="group_responsable_service" model="res.groups">
        <field name="name">Responsable service</field>
       
        <field name="implied_ids" eval="[(4, ref('group_obj')),
                                         (4, ref('group_service'))]"></field>

    </record>



   -->


<!--rule pour que un responsable pourra voir les objectifs qualité de son service
<record model="ir.rule" id="voir_obj_qualit">
        <field name="name">voir les objectifs de son service</field>
        <field name="model_id" ref="model_objectif_qualite"/>
        <field name="domain_force">[('responsable_servicees_id.work_email','=',user.login)]</field>
        <field name="groups" eval="[(4, ref('group_responsable_service'))]"/>
    </record>-->
<!--rule pour qu'un responsable pourra voir ses services uniquement
<record model="ir.rule" id="voir_service">
        <field name="name">voir ses service</field>
        <field name="model_id" ref="model_service"/>
        <field name="domain_force">[('responsable_sr_ids.work_email','=',user.login)]</field>
        <field name="groups" eval="[(4, ref('group_responsable_service'))]"/>
    </record>
-->



 














    <!--fournisseur
    access_group_sale_manager,res_partner,base.model_res_partner,base.group_sale_manager,1,1,1,0
     <record id="base.group_sale_manager" model="res.groups">
        <field name="name">fournisseurs</field>
        <field name="category_id" ref="module_category_iso_9001"/>
        
        
    </record>
departemen
 <record id="base.group_hr_user" model="res.groups">
        <field name="name">Département</field>
        <field name="category_id" ref="module_category_iso_9001"/>
        
    </record>

    
    
    ccess_res_partner_sale_user,res.partner.sale.user,base.model_res_partner,base.group_sale_salesman,1,0,0,0
access_group_sale_manager,res_partner,base.model_res_partner,base.group_sale_manager,1,1,1,0

<record id="group_vide" model="res.groups">
        <field name="name">false</field>
        <field name="category_id" ref="module_category_iso_9001"/>
</record>

<record id="group_resp" model="res.groups">
        <field name="name">Responsable service</field>
        <field name="category_id" ref="module_category_iso_9001"/>
         <field name="users" eval="[(4, ref('base.user_root'))]"/>
        <field name="implied_ids" eval="[(4, ref('group_vide'))]"></field>



    </record>

    <record id="group_resp_achat" model="res.groups">
        <field name="name">Responsable des Achats</field>
        <field name="category_id" ref="module_category_iso_9001"/>
        <field name="users" eval="[(4, ref('base.user_root'))]"/>
        <field name="implied_ids" eval="[(4, ref('group_vide'))]"></field>


    </record>

 <record id="group_auditeur" model="res.groups">
        <field name="name">Auditeur</field>
        <field name="category_id" ref="module_category_iso_9001"/>
         <field name="users" eval="[(4, ref('base.user_root'))]"/>
        <field name="implied_ids" eval="[(4, ref('group_vide'))]"></field>



 </record>


<record id="group_Resp_qual" model="res.groups">
        <field name="name">Responsable qualité</field>
        <field name="category_id" ref="module_category_iso_9001"/>
         <field name="users" eval="[(4, ref('base.user_root'))]"/>
        <field name="implied_ids" eval="[(4, ref('group_resp')),(4, ref('group_resp_achat')),
                                         (4, ref('group_auditeur')),(4, ref('group_vide'))]"></field>

    </record>





    
     <record id="base.group_sale_manager" model="res.groups">
        <field name="name">Service après-vente</field>
        <field name="category_id" ref="module_category_iso_9001"/>
        

        </record>
     <record id="group_resp" model="res.groups">
        <field name="name">Responsable service</field>
        <field name="category_id" ref="module_category_iso_9001"/>
        <field name="users" eval="[(4, ref('base.user_root'))]"/>
        <field name="implied_ids" eval="[(4, ref('group_auditeur'))]"></field>

       
        
    </record>

    <record id="base.group_sale_manager" model="res.groups">
        <field name="name">admin</field>
        <field name="category_id" ref="module_category_iso_9001"/>
        
        <field name="users" eval="[(4, ref('base.user_root'))]"/>
        <field name="implied_ids" eval="[(4, ref('group_resp'))]"></field>

       
    </record>





<record id="group_reclam" model="res.groups">
        <field name="name">reclamationss</field>
        <field name="category_id" ref="category_iso_9001"/>
        <field name="implied_ids"  eval="[(4, ref('base.group_sale_salesman'))]"></field>
       
       
    </record>
<record id="base.group_sale_manager" model="res.groups">
        <field name="name">service achat</field>
        <field name="category_id" ref="category_iso_9001"/>
        <field name="implied_ids"  eval="[(4, ref('group_eval'))]"></field>
       
       
    </record>


   

    -->

    
    
    


    
    
    
</data>
</openerp>